"tema","num_tema_cadastrado"
"Definir o âmbito de aplicação do artigo 112 da Lei 8.213/91;
Definir se o artigo 112 da Lei 8.213/91 versa sobre hipótese de sucessão processual, na forma do artigo 110 do CPC (""Art. 110. Ocorrendo a morte de qualquer das partes, dar-se-á a sucessão pelo seu espólio ou pelos seus sucessores, observado o disposto no art. 313, §§ 1º e 2º"");
Não sendo hipótese de sucessão processual: a) definir se os pensionistas possuem direito de pleitear, em nome próprio, valores não recebidos em vida pelo falecido segurado; b) definir se, na ausência dos pensionistas, os herdeiros e/ou espólio possuem direito de pleitear, em nome próprio, parcelas não recebidas em vida pelo falecido segurado;
Definir em que consiste ""o valor não recebido em vida pelo segurado"" mencionado no artigo 112 da Lei 8.213/91, isto é, se se tratam de importâncias não recebidas em vida pelo de cujus, mas já integradas ao seu patrimônio (por exemplo: indeferimento de requerimento administrativo de concessão/revisão de benefício e cancelamento indevido de benefício) ou simplesmente qualquer pagamento a menor relativo ao benefício previdenciário do falecido e que não foi reclamado administrativa ou judicialmente por ele em vida.",1
"Definir o âmbito de aplicação do artigo 112 da Lei 8.213/91;

Definir se o artigo 112 da Lei 8.213/91 versa sobre hipótese de sucessão processual, na forma do artigo 110 do CPC (""Art. 110. Ocorrendo a morte de qualquer das partes, dar-se-á a sucessão pelo seu espólio ou pelos seus sucessores, observado o disposto no art. 313, §§ 1º e 2º"");

Não sendo hipótese de sucessão processual: a) definir se os pensionistas possuem direito de pleitear, em nome próprio, valores não recebidos em vida pelo falecido segurado; b) definir se, na ausência dos pensionistas, os herdeiros e/ou espólio possuem direito de pleitear, em nome próprio, parcelas não recebidas em vida pelo falecido segurado;

Definir em que consiste ""o valor não recebido em vida pelo segurado"" mencionado no artigo 112 da Lei 8.213/91, isto é, se se tratam de importâncias não recebidas em vida pelo de cujus, mas já integradas ao seu patrimônio (por exemplo: indeferimento de requerimento administrativo de concessão/revisão de benefício e cancelamento indevido de benefício) ou simplesmente qualquer pagamento a menor relativo ao benefício previdenciário do falecido e que não foi reclamado administrativa ou judicialmente por ele em vida.",1
"Definir a respeito da dispensa ou não do reexame necessário nas sentenças ilíquidas, cujo proveito econômico possua contornos de liquidez, nos casos em que a quantia é aferível por simples cálculos aritméticos e não alcança o valor de mil salários mínimos, nas causas previdenciárias e nas demais causas, tudo à luz das disposições do artigo 496 do Novo Código de Processo Civil.

Definir a respeito da subsistência ou não da Súmula 490 e do Tema 17, diante do advento do Novo Código de Processo Civil.",3
"Definir a respeito da possibilidade de, na fase cognitiva, o título executivo judicial reconhecer o direito de o segurado do Regime Geral de Previdência Social receber parcelas pretéritas de aposentadoria concedida no respectivo título até a data inicial de aposentadoria concedida
administrativamente pelo INSS enquanto pendente a mesma ação judicial, havendo implantação administrativa definitiva dessa última, sob o enfoque do artigo 18, § 2º, da Lei 8.213/1991.

Definir se a sistemática do Tema 1.018 se aplica aos processos que se encontrem em fase de conhecimento para fins de aplicação dos procedimentos do artigo 1.030 do CPC.",4
"Definir se a regra prevista no §13 do art. 9º, da Lei nº 12.546/2011 é dirigida apenas aos contribuintes ou se também vincula a Administração Tributária; 

Definir se a revogação da opção de tributação da contribuição previdenciária pelo sistema da Contribuição Previdenciária sobre Receita Bruta (CPRB) trazida pela Lei 13.670/2018 feriu direito do contribuinte ante o caráter irretratável previsto no §13 do art. 9º da Lei nº 12.546/2011.",5
"Definir se a pensão militar por morte instituída nos termos da Lei n.º 3765/60 tem natureza remuneratória. Definir se as pensionistas do art. 7º da Lei n.º 3765/60 (redação original) se enquadram no conceito de dependente previsto no art. 50, IV, alínea ""e"", e parágrafos 2º, 3º e 4º (redação original) da Lei n.º 6880/80, para fins de percepção do benefício de assistência Médico-Hospitalar e inclusão como beneficiárias do Fundo de Saúde da Aeronáutica.",6
"Definir se é possível ao magistrado fixar critérios objetivos para a análise, na forma do art. 99, §2º, do CPC, dos pressupostos necessários à concessão de justiça gratuita, ou se o exame deve ser feito com base no cotejo dos elementos concretos trazidos aos autos; E, caso seja possível a utilização de critérios objetivos no exame da hipossuficiência, se a Resolução nº 85/2014 do Conselho Superior da Defensoria Pública da União, que adota a renda mensal de 03 salários mínimos como limite máximo apto a gerar presunção de pessoa economicamente necessitada, é parâmetro idôneo a ser utilizado.",7
"Definir a respeito da subsistência das contribuições sociais gerais e de intervenção no domínio econômico (por exemplo: SESI, SENAI, SESC, SENAC, SEST, SENAT e salário-educação) - distintas das contribuições destinadas ao INCRA e ao SEBRAE tratadas nos Temas 325 e 495 do STF -, após o advento da Emenda Constitucional nº 33/2001, que deu nova redação ao art. 149, § 2º, III, ""a"", da CF/88.

Definir se a sistemática dos Temas 325 (""Indicação de bases econômicas para delimitação da competência relativa à instituição de contribuições sociais e de intervenção no domínio econômico, após o advento da Emenda Constitucional nº 33/2001"") e 495 (""Referibilidade e natureza jurídica da contribuição para o INCRA, em face da Emenda Constitucional nº 33/2001"") se aplica às demais contribuições sociais gerais e de intervenção no domínio econômico para fins de aplicação dos procedimentos do artigo 1.030 do CPC.",8
"Definir se a técnica de julgamento ampliado prevista no artigo 942 do CPC/15 deve ser aplicada sempre que o resultado do julgamento do recurso for não unânime, sendo prescindível a reforma da sentença",9
"Definir se é cabível a fixação de honorários advocatícios nas ações objetivando o cumprimento de decisão condenatória proferida em ação coletiva, quando a
parte executada não é a Fazenda Pública (ou a ela não se equipara), independentemente de ter sido ou não apresentada impugnação.",10
"Definir qual o efeito da edição do Memorando Circular Conjunto nº 37/DIRBEN/PFE/INSS na fixação do termo a quo da contagem da prescrição da pretensão de cumprimento da sentença proferida na Ação Civil Pública nº 0533987-93.2003.04.02.5101.

Uma vez estabelecido que  o referido ato administrativo configurou cumprimento da obrigação de fazer e, nos termos do artigo 4º do Decreto nº 20.910/1932, obstou a fluência do prazo prescricional, definir se o prazo prescricional teve início com a edição do memorando ou com a sua juntada aos autos. 

E, caso seja entendido que o citado ato administrativo importou em interrupção da prescrição, definir se o prazo prescricional retomou a sua contagem pela metade ou de forma integral.",11
"Definir se a liquidação prévia do julgado é requisito indispensável para o ajuizamento de ação objetivando o cumprimento de sentença condenatória genérica proferida em demanda coletiva, de modo que sua ausência acarreta a extinção da ação executiva, ou se o exame quanto ao prosseguimento da ação executiva deve ser feito pelo Magistrado com base no cotejo dos elementos concretos trazidos aos autos.",12
"Definir se os efeitos da decisão condenatória transitada em julgado na ação de rito ordinário autuada sob o nº 0012042-29.2011.4.02.5101, ajuizada pela SINDSPREV/RJ em face da União Federal, Ministério da Saúde, da Delegacia Regional do Trabalho e do Ministério da Previdência Social, alcançam, igualmente, os servidores e/ou pensionistas vinculados ao Ministério da Saúde, ao Ministério do Trabalho e ao Ministério da Previdência Social.",14
"Alcance da expressão ""folha de salários"", para fins de instituição de contribuição social sobre o total das remunerações.",20
"Reserva de lei complementar para instituir requisitos à concessão de imunidade tributária às entidades beneficentes de assistência social",32
"Inclusão do salário-maternidade na base de cálculo da Contribuição Previdenciária incidente sobre a remuneração",72
"Teto da renda mensal dos benefícios previdenciários concedidos anteriormente à vigência das Emendas Constitucionais n s 20/98 e 41/2003",76
"Inclusão do ISS na base de cálculo do PIS e da COFINS",118
"Contribuição previdenciária sobre o terço constitucional de férias, a gratificação natalina, os serviços extraordinários, o adicional noturno e o adicional de insalubridade",163
"Discussão acerca da exibilidade do depósito prévio para o conhecimento dos embargos apresentados pelo curador especial.",182
"a) Inclusão do ICMS em sua própria base de cálculo; b) Emprego da taxa SELIC para fins tributários; c) Natureza de multa moratória fixada em 20% do valor do tributo",214
"Questiona-se a forma de interpretação e o alcance da expressão serviços hospitalares, prevista no artigo 15, - 1 , inciso III, alínea ""a"", da Lei 9.429/95, para fins de recolhimento do IRPJ e da CSLL com base em alíquotas reduzidas.",217
"a) Fornecimento de informações sobre movimentações financeiras ao Fisco sem autorização judicial, nos termos do art. 6  da Lei Complementar n  105/2001; b) Aplicação retroativa da Lei n  10.174/2001 para apuração de créditos tributários referentes a exercícios anteriores ao de sua vigência.",225
"Questão referente à possibilidade ou não de capitalização de juros mensais em contratos bancários, especialmente após a entrada em vigor do art. 5° da Medida Provisória n. 2170-36/2001.",247
"Questão referente à natureza do rol de moléstias graves constante do art. 6 , XIV, da Lei 7.713/88 - se taxativa ou exemplificativa -, de modo a possibilitar, ou não, a concessão de isenção de imposto de renda a aposentados portadores de outras doenças graves e incuráveis.",250
"Direito de filha de ex-servidor, solteira e maior de 21 anos, receber pensão",271
"Provas obtidas mediante invasão de domicílio por policiais sem mandado de busca e apreensão",280
"Aumento de vencimentos e extensão de vantagens e gratificações pelo Poder Judiciário e pela Administração Pública",315
"Obrigatoriedade de fundamentação das decisões judiciais",339
"Enquadramento de pessoas jurídicas da área de saúde na qualidade de prestadoras de serviço hospitalar para fins de obtenção do benefício de recolhimento da Contribuição Social sobre o Lucro líquido (CSLL) e do Imposto de Renda de Pessoa Jurídica (IRPJ) com base de cálculo reduzida",353
"Incidência do teto constitucional remuneratório sobre o montante decorrente da acumulação de proventos e pensão",359
"a) Exigibilidade do PIS e da COFINS sobre as receitas financeiras das instituições financeiras; b) Exigência de reserva de plenário para as situações em que se afasta a incidência do disposto no art. 3 , -- 5  e 6 , da Lei n  9.718/1998",372
"Incorporação de quintos decorrentes do exercício de funções comissionadas e/ou gratificadas",395
"Discussão acerca do cabimento de honorários advocatícios em fase de cumprimento de sentença, bem como na sua impugnação, de acordo com a sistemática processual introduzida pela Lei n  11.232/05.",408
"Extensão da imunidade tributária recíproca às empresas públicas prestadoras de serviços públicos",412
"Indeferimento de produção de provas no âmbito de processo judicial.",424
"Restituição de valores pagos indevidamente pela Administração Pública a beneficiário de boa-fé",425
"Imunidade tributária das entidades filantrópicas em relação à contribuição para o PIS",432
"Direito adquirido de servidores públicos estaduais aposentados à permanência em determinada classe, não obstante o advento de lei estadual que, ao promover a reclassificação de cargos, reenquadra-os em classe inferior",439
"Questiona a prescrição para o redirecionamento da Execução Fiscal, no prazo de cinco anos, contados da citação da pessoa jurídica.",444
"Obrigatoriedade de o Tribunal de Contas da União - TCU observar os princípios do contraditório e da ampla defesa no exame da legalidade de atos concessivos de aposentadorias, reformas e pensões, após o decurso do prazo de cinco anos",445
"Possibilidade, ou não, de convocação, após conclusão do curso, de estudante de medicina dispensado do serviço militar obrigatório por excesso de contingente.",449
"Requisitos legais para enquadramento de pessoa jurídica como entidade beneficente de assistência social para fins de imunidade tributária",459
"Questiona se a complementação de aposentadoria ou pensão de ex-ferroviário deveria, em razão do princípio tempus regit actum, observar a legislação previdenciária aplicável à concessão do benefício - art. 41 do Decreto 83.080/79, que estabelecia que a importância da pensão devida ao conjunto dos dependentes do segurado seria constituída de uma parcela familiar, igual a 50% do valor da aposentadoria que o segurado percebida ou daquela a que teria direito se na data do seu falecimento fosse aposentado, e mais tantas parcelas de 10% para cada dependente segurado, até o máximo de 5 (cinco) parcelas.",473
"Discute-se a incidência de contribuição previdenciária sobre os valores pagos a título de aviso prévio indenizado.",478
"Discute-se a incidência de contribuição previdenciária sobre os valores pagos a título de terço constitucional de férias.",479
"Discute-se o foro competente para a liquidação individual de sentença proferida em ação civil pública.",480
"Demanda relativa à necessidade, ou não, nos termos da legislação vigente, da atuação de farmacêutico em dispensário de medicamentos, mantido por clínica e/ou unidades hospitalares, negou provimento ao recurso de apelação do recorrente.",483
"Discute a possibilidade de aplicação imediata da Lei 11.960/09, que veio alterar o critério de cálculo dos juros moratórios devidos pela Fazenda Pública previsto no artigo 1 -F da Lei 9.494/97, às ações ajuizadas antes de sua vigência.",491
"Discute-se a possibilidade de aplicação imediata da Lei 11.960/09, que veio alterar o critério de cálculo dos juros moratórios devidos pela Fazenda Pública previsto no artigo 1 -F da Lei 9.494/97, às ações ajuizadas antes de sua vigência.",492
"Servidor Público Federal. Exercício de função comissionada. Incorporação de ""quintos"". VPNI. Medida Provisória 2.225-45/2001.",503
"Discute-se a possibilidade de exclusão da base de cálculo do Imposto de Renda da Pessoa Jurídica - IRPJ e da Contribuição Social sobre o Lucro Líquido - CSLL dos valores referentes aos juros pela taxa SELIC incidentes quando da devolução dos depósitos judiciais, na forma da Lei n. 9.703/98.",504
"Discussão sobre a exclusão dos juros SELIC incidentes quando da devolução de valores em depósito judicial feito na forma da lei n. 9.703/98 e quando da repetição de indébito tributário.",505
"Possibilidade de concubinato de longa duração gerar efeitos previdenciários",526
"Discute-se o prazo prescricional para se postular a incorporação de quintos (ou décimos) entre abril de 1998 e setembro de 2001.",529
"Discute-se a possibilidade de devolução ao Erário de valores recebidos de boa-fé pelo servidor público, quando pagos indevidamente pela Administração.",531
"Discute-se a possibilidade de configuração do trabalho exposto ao agente perigoso eletricidade, exercido após a vigência do Decreto 2.172/1997, como atividade especial, para fins do artigo 57 da Lei 8.213/1991.",534
"A vexata quaestio , desta feita, cinge-se ao direito de trabalhadora gestante ao gozo de licença-maternidade e à estabilidade provisória, independentemente do regime jurídico aplicável, se contratual ou administrativo, à luz dos artigos 7 , XVIII, da Constituição Federal e 10, II, b , do Ato das Disposições Constitucionais Transitórias.",542
"Discute a aplicação da decadência prevista no art. 103 da Lei 8.213/1991, com a redacao dada pela MP 1.523/1997, sobre o direito do segurado de revisar benefício concedido antes da publicação deste último preceito legal.",544
"Discute-se a possibilidade de conversão de tempo de serviço especial em comum, e viceversa, no período anterior à vigência da Lei 6.887/1980, que alterou a Lei 5.890/1973 (art. 9 , - 4 ).",546
"Fixação de alíquota da contribuição ao SAT a partir de parâmetros estabelecidos por regulamentação do Conselho Nacional de Previdência Social.",554
"Discute-se a possibilidade de cumular auxílio-acidente com aposentadoria, diante do art. 86, - 3 , da Lei 8.213/91, com a redacao dada pela Medida Provisória 1.596-14/97 (D.O.U. 11.11.1997), posteriormente convertida na Lei n. 9.528/97.",555
"Discute-se a possibilidade de cumular auxílio-acidente com aposentadoria, diante do art. 86, - 3 , da Lei 8.213/91, com a redacao dada pela Medida Provisória 1.596-14/97 (D.O.U. 11.11.1997), posteriormente convertida na Lei n. 9.528/97.",556
"Discute-se a sistemática para a contagem da prescrição intercorrente (prescrição após a propositura da ação) prevista no art. 40 e parágrafos da Lei da Execução Fiscal (Lei n. 6.830/80): Se o prazo de 1 (um) ano de suspensão somado aos outros 5 (cinco) anos de arquivamento pode ser contado em 6 (seis) anos por inteiro para fins de decretar a prescrição intercorrente.",567
"Discute-se a sistemática para a contagem da prescrição intercorrente (prescrição após a propositura da ação) prevista no art. 40 e parágrafos da Lei da Execução Fiscal (Lei n. 6.830/80): quais são os obstáculos ao curso do prazo prescricional da prescrição prevista no art. 40, da LEF.",568
"Discute-se a sistemática para a contagem da prescrição intercorrente (prescrição após a propositura da ação) prevista no art. 40 e parágrafos da Lei da Execução Fiscal (Lei n. 6.830/80): se a ausência de intimação da Fazenda Pública quanto ao despacho que determina a suspensão da execução fiscal (art. 40, - 1 ) ilide a decretação da prescrição intercorrente.",569
"Discute-se a sistemática para a contagem da prescrição intercorrente (prescrição após a propositura da ação) prevista no art. 40 e parágrafos da Lei da Execução Fiscal (Lei n. 6.830/80): se a ausência de intimação da Fazenda Pública quanto ao despacho que determina o arquivamento da execução (art. 40, - 2 ) ilide a decretação da prescrição intercorrente.",570
"Discute-se a sistemática para a contagem da prescrição intercorrente (prescrição após a propositura da ação) prevista no art. 40 e parágrafos da Lei da Execução Fiscal (Lei n. 6.830/80): se a ausência de intimação da Fazenda Pública quanto ao despacho que determina sua manifestação antes da decisão que decreta a prescrição intercorrente (art. 40, - 4 ) ilide a decretação da prescrição intercorrente.",571
"Revisão de renda mensal de benefício previdenciário mediante aplicação dos mesmos índices utilizados para reajuste do teto do salário-de-contribuição, relativamente aos meses de junho de 1999 e maio de 2004.",589
"O feito em que se busca a concessão de benefício previdenciário deve ser extinto sem julgamento do mérito, por falta de interesse processual, sempre que não houver prévio requerimento ou comunicação desse pedido ao INSS na via administrativa.",660
"Possibilidade de prorrogações sucessivas do prazo de autorização judicial para interceptação telefônica",661
"Imprescritibilidade das ações de ressarcimento por danos causados ao erário, ainda que o prejuízo não decorra de ato de improbidade administrativa",666
"Declaração de inconstitucionalidade de norma prevista em resolução do Comitê Gestor do Programa de Recuperação Fiscal - que regulamentou a forma de notificação de contribuinte sobre sua exclusão do Refis - após julgamento do Supremo Tribunal Federal que concluiu pela natureza infraconstitucional da controvérsia",668
"Incidência do PIS e da COFINS sobre a receita advinda da locação de bens móveis.",684
"Questiona se deve o litigante beneficiário do Regime Geral da Previdência Social - RGPS devolver os valores percebidos do INSS em virtude de decisão judicial precária, que venha a ser posteriormente revogada. (03/09/2013)

Proposta de Revisão de Entendimento firmado em tese repetitiva firmada pela Primeira Seção relativa ao Tema 692/STJ, quanto à devolução dos valores recebidos pelo litigante beneficiário do Regime Geral da Previdência Social - RGPS em virtude de decisão judicial precária, que venha a ser posteriormente revogada. (03/12/2018)",692
"Questão referente à possibilidade de reconhecimento de tempo especial por exposição ao agente ruído em nível inferior a 90dB no período compreendido entre 5.3.1997 e 18.11.2003, por força da aplicação retroativa do limite de 85dB estipulado pelo Decreto 4.882/2003 ao Anexo IV do Decreto 3.048/1999.",694
"Limites do Poder Judiciário para determinar obrigações de fazer ao Estado, consistentes na realização de concursos públicos, contratação de servidores e execução de obras que atendam o direito social da saúde, ao qual a Constituição da República garante especial proteção.",698
"Incidência do Imposto de Renda Retido na Fonte sobre as receitas decorrentes das aplicações financeiras dos fundos fechados de previdência complementar e da Contribuição Social sobre o Lucro Líquido sobre os resultados apurados pelos referidos fundos.",699
"Constitucionalidade da incidência do Imposto sobre Serviços de Qualquer Natureza (ISSQN) sobre a atividade de exploração de jogos e apostas - tais como a venda de bilhetes, de pules ou de cupons de apostas - e a validade da base de cálculo utilizada.",700
"A falência da empresa executada fora decretada antes do ajuizamento da execução fiscal;  a discussão é sobre a <b>legitimidade passiva da sociedade</b> e incidência, ou não, da Súmula 392/STJ.",702
"Recurso extraordinário em que se discute, à luz dos arts. 5º, XIII; 7º, XXXIII, e 201, § 1º, da Constituição federal, a constitucionalidade do § 8º do art. 57 da Lei 8.213/1991, que veda a percepção do benefício da aposentadoria especial pelo segurado que continuar exercendo atividade ou operação nociva à saúde ou à integridade física. [-]",709
"Discussão: concessão do benefício de pensão por morte a menor sob guarda.",732
"Discute-se a incidência de contribuição previdenciária sobre os valores pagos a título de adicional de férias relativo às férias indenizadas.",737
"Incidência de contribuição previdenciária sobre os valores pagos pelo empregador ao empregado nos primeiros quinze dias de auxílio-doença",738
"Discute-se a incidência de contribuição previdenciária (a cargo da empresa) sobre os valores pagos a título de salário maternidade.",739
"Discute-se a incidência de contribuição previdenciária (a cargo da empresa) sobre os valores pagos a título de salário paternidade.",740
"Definição a respeito: i) da necessidade de esgotamento das diligências como pré- requisito para a penhora do faturamento; ii) da equiparação da penhora de faturamento à constrição preferencial sobre dinheiro, constituindo ou não medida excepcional no âmbito dos processos regidos pela Lei 6.830/1980; e iii) da caracterização da penhora do faturamento como medida que implica violação do princípio da menor onerosidade.",769
"Legalidade do protesto da CDA, no regime da Lei 9.492/1997.",777
"Natureza jurídica de direitos: se individuais homogêneos ou heterogêneos.",861
"Limites da multa fiscal qualificada em razão de sonegação, fraude ou conluio, tendo em vista a vedação constitucional ao efeito confiscatório.",863
"Constitucionalidade do parágrafo único do art. 73 da Lei 9.430/1996, com a redacao dada pela Lei 12.844/2013, que prevê a possibilidade de o Fisco, aproveitando o ensejo da restituição ou do ressarcimento de tributos administrados pela Secretaria da Receita Federal do Brasil, proceder à compensação, de ofício, com débitos não parcelados ou parcelados sem garantia.",874
"Efeitos das decisões do Supremo Tribunal Federal em controle difuso de constitucionalidade sobre a coisa julgada formada nas relações tributárias de trato continuado.",885
"Direito de servidores públicos abrangidos pela aposentadoria especial ao abono de permanência.",888
"Ofensa ao princípio da inafastabilidade de jurisdição na hipótese em que há óbice processual intransponível ao julgamento de mérito.",895
"Prescritibilidade da pretensão de ressarcimento ao erário em face de agentes públicos por ato de improbidade administrativa.",897
"Prescritibilidade da pretensão de ressarcimento ao erário fundada em decisão de Tribunal de Contas.",899
"Violação ao princípio da isonomia (art. 150, II, da Constituição Federal) ante a incidência de IPI no momento do desembaraço aduaneiro de produto industrializado, assim como na sua saída do estabelecimento importador para comercialização no mercado interno.",906
"Constitucionalidade da Contribuição de Intervenção no Domínio Econômico - CIDE sobre remessas ao exterior, instituída pela Lei 10.168/2000, posteriormente alterada pela Lei 10.332/2001.",914
"Os benefícios concedidos entre 5.10.1988 e 5.4.1991 não estão, em tese, excluídos da possibilidade de readequação aos tetos instituídos pelas Emendas Constitucionais ns. 20/1998 e 41/2003. Eventual direito a diferenças deve ser aferido no caso concreto, conforme os parâmetros já definidos no julgamento do RE n. 564.354.",930
"Legitimidade do não associado para a execução da sentença proferida em ação civil pública manejada por associação na condição de substituta processual.",948
"Discute-se a possibilidade de fixação de honorários advocatícios, em exceção de pré-executividade, quando o sócio é excluído do polo passivo da execução fiscal, que não é extinta.",961
"Discute-se a possibilidade de redirecionamento da execução fiscal contra o sócio que, apesar de exercer a gerência da empresa devedora à época do fato tributário, dela regularmente se afastou, sem dar causa, portanto, à posterior dissolução irregular da sociedade empresária.",962
"Incidência ou não do prazo decadencial previsto no caput do artigo 103 da Lei 8.213/1991 para reconhecimento de direito adquirido ao benefício previdenciário mais vantajoso.",966
"Análise acerca da aplicabilidade da Súmula 345 do STJ diante da superveniência do art. 85, - 7 , do CPC/2015.",973
"Possibilidade de compartilhamento com o Ministério Público, para fins penais, dos dados bancários e fiscais do contribuinte, obtidos pela Receita Federal no legítimo exercício de seu dever de fiscalizar, sem autorização prévia do Poder Judiciário.",990
"Discute-se, à luz do art. 114, inc. I, da Constituição da República, a competência para processar e julgar controvérsias nas quais se pleiteiam questões afetas à fase pré-contratual de seleção e de admissão de pessoal e eventual nulidade do certame, em face de pessoa jurídica de direito privado",992
"Possibilidade de inclusão do ICMS na base de cálculo da Contribuição Previdenciária sobre a Receita Bruta, instituída pela MP n. 540/2011, convertida na Lei n. 12.546/2011.",994
"Possibilidade de se considerar o tempo de contribuição posterior ao ajuizamento da ação, reafirmando-se a data de entrada do requerimento-DER- para o momento de implementação dos requisitos necessários à concessão de benefício previdenciário: (i) aplicação do artigo 493 do CPC/2015 (artigo 462 do CPC/1973); (ii) delimitação do momento processual oportuno para se requerer a reafirmação da DER, bem assim para apresentar provas ou requerer a sua produção.",995
"Definir se:
1.1) na aquisição de unidades autônomas futuras, financiadas na forma associativa, o contrato deverá estabelecer de forma expressa, clara e inteligível, o prazo certo para a formação do grupo de adquirentes e para a entrega do imóvel.
1.2) o atraso da entrega do imóvel objeto de compromisso de compra e venda gera, para o promitente vendedor, a obrigação de indenizar o adquirente pela privação injusta do uso do bem, na forma de valor locatício, que pode ser calculado em percentual sobre o valor atualizado do contrato ou de mercado, correspondente ao que este deixou de receber, ou teve de pagar para fazer uso de imóvel semelhante, com termo final na data da disponibilização da posse direta da unidade autônoma já regularizada.
1.3) é lícito o repasse dos ""juros de obra"", ou ""juros de evolução da obra"", ou ""taxa de evolução da obra"", ou outros encargos equivalentes, após o prazo ajustado no contrato para entrega das chaves da unidade autônoma, incluído o período de tolerância.
1.4) o descumprimento do prazo de entrega de imóvel objeto de compromisso de venda e compra, computado o período de tolerância, faz cessar a incidência de correção monetária sobre o saldo devedor com base em indexador setorial, que reflete o custo da construção civil, o qual deverá ser substituído por indexador geral, salvo quando este último for mais gravoso ao consumidor.

Será submetido à deliberação da Segunda Seção, por ocasião do julgamento do mérito do recurso especial, se apropriado atribuir tratamento distinto, a depender da origem e da finalidade do financiamento, na fixação e aplicação das teses firmadas, a saber: a) se alcançam apenas a aquisição de imóvel residencial ou também o comercial; e b) se a aquisição do imóvel se deu a título de investimento ou com o objetivo de moradia da família.",996
"Possibilidade de aplicação da regra definitiva prevista no art. 29, I e II da Lei 8.213/1991, na apuração do salário de benefício, quando mais favorável do que a regra de transição contida no art. 3  da Lei 9.876/1999, aos Segurados que ingressaram no sistema antes de 26.11.1999 (data de edição da Lei 9.876/1999).",999
"Recurso extraordinário em que se discute, à luz do art, 134, -- 2  e 3 , da Constituição da República, se a proibição de recebimento de honorários advocatícios pela Defensoria Pública, quando represente litigante vencedor em demanda ajuizada contra o ente ao qual é vinculada, viola a sua autonomia funcional, administrativa e institucional.",1002
"Fixação do termo inicial da prescrição quinquenal, para recebimento de parcelas de benefício previdenciário reconhecidas judicialmente, em ação individual ajuizada para adequação da renda mensal aos tetos fixados pelas Emendas Constitucionais 20/98 e 41/2003, cujo pedido coincide com aquele anteriormente formulado em ação civil pública.",1005
"Recurso extraordinário em que se discute, à luz dos arts. 7 , inc. VI, e 37, inc. XV, da Constituição da República, a impossibilidade de redução dos vencimentos de prestador de serviço no exterior, ocorrida após a conversão compulsória do regime contratual em estatutário (art. 19 do ADCT), no momento de sua transferência para o Brasil.",1007
"Recurso extraordinário em que se discute, à luz dos arts. 5 , inciso XXXV; e 109, inciso I, da Constituição da República, se a Caixa Econômica Federal detém interesse jurídico para ingressar como parte ou terceira interessada nas ações envolvendo seguros de mútuo habitacional no âmbito do Sistema Financeiro de Habitação e, em consequência, se a Justiça Federal seria competente para o processamento e o julgamento das ações dessa natureza.",1011
"Possibilidade de manutenção de penhora de valores via sistema BACENJUD no caso de parcelamento do crédito fiscal executado (art. 151, VI, do CTN).",1012
"Possibilidade de recebimento de benefício por incapacidade do Regime Geral de Previdência Social de caráter substitutivo da renda (auxílio-doença ou aposentadoria por invalidez) concedido judicialmente em período de abrangência concomitante ao que o segurado estava trabalhando e aguardando o deferimento do benefício.",1013
"Inclusão de serviços de capatazia na composição do valor aduaneiro.",1014
"Recurso extraordinário em que se examina, para fins de concessão do benefício do auxílio-reclusão, à luz do art. 201, inciso IV, da Constituição Federal, o critério de aferição da renda do segurado que não exerce atividade laboral remunerada no momento do recolhimento à prisão.",1017
"Possibilidade de, em fase de Cumprimento de Sentença, o segurado do Regime Geral de Previdência Social receber parcelas pretéritas de aposentadoria concedida judicialmente até a data inicial de aposentadoria concedida administrativamente pelo INSS enquanto pendente a mesma ação judicial, com implantação administrativa definitiva dessa última por ser mais vantajosa, sob o enfoque do artigo 18, § 2º, da Lei 8.213/1991.",1018
"Recurso extraordinário em que se examina, à luz do art. 5 , inciso XXXVI, da Constituição Federal, a incidência do prazo decadencial de dez anos, previsto no art. 103 da Lei n  8.213/91, nas hipóteses de adequação da renda mensal do benefício aos tetos instituídos pelas Emendas Constitucionais n s 20/98 e 41/03.",1023
"Recurso extraordinário em que se discute, à luz dos artigos 146 e 195, inciso I, alínea b, da Constituição Federal, se o valor retido por administradora de cartões integra, para fins de incidência das contribuições ao PIS e da COFINS, a receita ou o faturamento da empresa que recebe pagamentos por meio de cartões de crédito e débito.",1024
"Possibilidade ou não de inscrição em cadastros de inadimplentes, por decisão judicial, do devedor que figura no polo passivo de execução fiscal.",1026
"Possibilidade de reconhecimento da especialidade da atividade de vigilante, exercida após a edição da Lei 9.032/1995 e do Decreto 2.172/1997, com ou sem o uso de arma de fogo.",1031
"Interrupção do prazo prescricional para pleitear o cumprimento de sentença coletiva, em virtude do ajuizamento de ação de protesto ou de execução coletiva por legitimado para propor demandas coletivas.",1033
"Aferir se é condição para a apreensão do instrumento utilizado na prática da infração ambiental a comprovação de que o bem é de uso específico e exclusivo para a atividade ilícita (Lei n. 9.605/1998, art. 25, § 4º, atual § 5º).",1036
"Incidência ou não da isenção do imposto de renda prevista no inciso XIV do artigo 6º da Lei n. 7.713/1998 sobre os rendimentos de portador de moléstia grave que se encontra no exercício de sua atividade laboral.",1037
"Fixação do termo inicial da prescrição da pretensão indenizatória em face de seguradora nos contratos, ativos ou extintos, do Sistema Financeiro de Habitação.",1039
"Definir se há - ou não - aplicação da figura do reexame necessário nas ações típicas de improbidade administrativa, ajuizadas com esteio na alegada prática de condutas previstas na Lei 8.429/1992, cuja pretensão é julgada improcedente em primeiro grau; 
Discutir se há remessa de ofício nas referidas ações típicas, ou se deve ser reservado ao autor da ação, na postura de órgão acusador - frequentemente o Ministério Público - exercer a prerrogativa de recorrer ou não do desfecho de improcedência da pretensão sancionadora.",1042
"A possibilidade de fixação de honorários advocatícios com fundamento em juízo de equidade, nos termos do art. 85, §§ 2º e 8º, do Código de Processo Civil de 2015.",1046
"Constitucionalidade da majoração, em um ponto percentual, da alíquota da COFINS-Importação, introduzida pelo artigo 8º, § 21, da Lei nº 10.865/2004, com a redação dada pela Lei nº 12.715/2012, e da vedação ao aproveitamento integral dos créditos oriundos do pagamento da exação, constante do § 1º-A do artigo 15 da Lei nº 10.865/2004, incluído pela Lei nº 13.137/2015.",1047
"Inclusão do Imposto Sobre Circulação de Mercadorias e Serviços - ICMS na base de cálculo da Contribuição Previdenciária sobre a Receita Bruta - CPRB.",1048
"Definir se, em casos de sucessão empresarial por incorporação não oportunamente informada ao fisco, a execução fiscal de créditos tributários pode ser redirecionada à sociedade incorporadora sem necessidade de alteração da certidão de dívida ativa.",1049
"Definir se é possível - ou não - a inclusão do valor de eventual multa civil na medida de indisponibilidade de bens decretada na ação de improbidade administrativa, inclusive naquelas demandas ajuizadas com esteio na alegada prática de conduta prevista no art. 11 da Lei 8.429/1992, tipificador da ofensa aos princípios nucleares administrativos.",1055
"Definição acerca dos limites subjetivos da coisa julgada formada no Mandado de Segurança Coletivo 2005.51.01.016159-0 (impetrado pela Associação de Oficiais Militares do Estado do Rio de Janeiro - AME/RJ), presente o quanto decidido no EREsp 1.121.981/RJ, em ordem a demarcar o efetivo espectro de beneficiários legitimados a executar individualmente a Vantagem Pecuniária Especial/VPE prevista na Lei nº 11.134/05.",1056
"Possibilidade do reconhecimento da legitimidade ativa ""ad causam"" de pensionistas e sucessores para, em ordem de preferência, propor, em nome próprio, à falta de requerimento do segurado em vida, ação revisional da aposentadoria do ""de cujus"", com o objetivo de redefinir a renda mensal da pensão por morte - quando existente -, e, por conseguinte, receber, além das diferenças resultantes do recálculo do eventual pensionamento, os valores devidos e não pagos pela Administração ao instituidor quando vivo, referentes à readequação do benefício originário, a teor do disposto no art. 112 da Lei n. 8.213/1991.",1057
"Caracterização do crime de desobediência quando a ordem de parada a veículo for emitida por policial no exercício de atividade ostensiva de segurança pública",1060
"Possibilidade de inscrição em dívida ativa para a cobrança dos valores indevidamente recebidos a título de benefício previdenciário: verificação da aplicação dos §§3º e 4º, do art. 115, da Lei n. 8.213/91 aos processos em curso.",1064
"Inclusão da COFINS e da contribuição ao PIS em suas próprias bases de cálculo.",1067
"Possibilidade, ou não, de sempre se somar as contribuições previdenciárias para integrar o salário-de-contribuição, nos casos de atividades concomitantes (artigo 32 da Lei n. 8.213/91), após o advento da Lei 9.876/99, que extinguiu as escalas de salário-base.",1070
"Definição do termo ""ingressado no serviço público"", à luz do art. 40, § 16, da Constituição Federal, para fins de definição do alcance temporal do direito de opção do servidor público federal, oriundo de cargo público de outro ente da federação, ao novo regime de previdência complementar.",1071
"Constitucionalidade do art. 16 da Lei 7.347/1985, segundo o qual a sentença na ação civil pública fará coisa julgada erga omnes, nos limites da competência territorial do órgão prolator.",1075
"Definição do alcance da norma inserta no § 8º do artigo 85 do Código de Processo Civil nas causas em que o valor da causa ou o proveito econômico da demanda forem elevados.",1076
"Definir se o limite de 20 (vinte) salários mínimos é aplicável à apuração da base de cálculo de ""contribuições parafiscais arrecadadas por conta de terceiros"", nos termos do art. 4º da Lei n. 6.950/1981, com as alterações promovidas em seu texto pelos arts. 1º e 3º do Decreto-Lei n. 2.318/1986.",1079
"Definir se há direito de pensionista de militar à assistência médico-hospitalar por meio do Fundo de Saúde da Aeronáutica (FUNSA). Os processos afetados tratam de instituidores falecidos antes da vigência da Lei nº 13.954/2019, razão pela qual a discussão da tese está adstrita à legislação
vigente antes das alterações promovidas pelo referido diploma legal.",1080
"Definir se a demanda previdenciária cujo valor da condenação seja aferível por simples cálculos aritméticos deve ser dispensada da remessa necessária, quando for possível estimar que será inferior ao montante previsto no artigo 496, § 3º, inc. I do Código de Processo Civil.",1081
"Possibilidade de reconhecimento do exercício de atividade sob condições especiais pela exposição ao agente ruído, quando constatados diferentes níveis de efeitos sonoros, considerando-se apenas o nível máximo aferido (critério ""pico de ruído""), a média aritmética simples ou o Nível de Exposição Normalizado (NEN).",1083
"Recurso extraordinário em que se discute, à luz dos artigos 2º, 5º, inciso II, e 150, inciso I, da Constituição Federal, o afastamento por completo de majoração referente à taxa de utilização do Sistema Integrado de Comércio Exterior (SISCOMEX) promovida pela Portaria nº 257/2011 do Ministério da Fazenda a partir de delegação realizada pelo art. 3º, § 2º, da Lei nº 9.716/1998, sob o fundamento de ofensa ao princípio da legalidade e à relação de referibilidade entre o montante global recolhido dos contribuintes e as despesas relativas à atividade estatal que justifica a taxa. [-]",1085
"a) ""definir se o servidor público federal possui, ou não, o direito de obter a conversão em pecúnia de licença-prêmio por ele não gozada e nem contada em dobro para fins de aposentadoria; b) em caso afirmativo, definir se a referida conversão em pecúnia estará condicionada, ou não, à comprovação, pelo servidor, de que a não fruição ou contagem da licença-prêmio decorreu do interesse da Administração Pública"".",1086
"Definir se o militar diagnosticado como portador do vírus HIV tem direito à reforma ex officio por incapacidade definitiva, independentemente do grau de desenvolvimento da Síndrome de Imunodeficiência Adquirida - SIDA/AIDS, com remuneração calculada com base no soldo correspondente ao grau imediatamente superior ao que possuía na ativa.",1088
"""1) se para provar a eficácia ou ineficácia do EPI (Equipamento de Proteção Individual) para a neutralização dos agentes nocivos à saúde e integridade física do trabalhador, para fins de reconhecimento de tempo especial, basta o que consta no PPP (Perfil Profissiográfico Previdenciário) ou se a comprovação pode ser por outros meios probatórios e, nessa última circunstância, se a prova pericial é obrigatória; 2) se é possível impor rito judicial instrutório rígido e abstrato para apuração da ineficácia do EPI, como fixado pelo Tribunal de origem, ou se o rito deve ser orientado conforme os elementos de cada contexto e os mecanismos processuais disponíveis na legislação adjetiva; 3) se a Corte Regional ampliou o tema delimitado na admissão do IRDR e, se positivo, se é legalmente praticável a ampliação; 4) se é cabível fixar de forma vinculativa, em julgamento de casos repetitivos, rol taxativo de situações de ineficácia do EPI e, sendo factível, examinar a viabilidade jurídica de cada hipótese considerada pelo Tribunal de origem (enquadramento por categoria profissional, ruído, agentes biológicos, agentes cancerígenos e periculosidade); 5) se é admissível inverter, inclusive genericamente, o ônus da prova para que o INSS demonstre ausência de dúvida sobre a eficácia do EPI atestada no PPP"".",1090
"a) se benefício instituído no art. 17, da Lei 11.033/2004, somente se aplica às empresas que se encontram inseridas no regime específico de tributação denominado REPORTO; b) se o art. 17, da Lei 11.033/2004, permite o cálculo de créditos dentro da sistemática da incidência monofásica do PIS e da COFINS; e c) se a incidência monofásica do PIS e da COFINS se compatibiliza com a técnica do creditamento.",1093
"Definição da tese alusiva à prevalência, ou não, do Código de Defesa do Consumidor na hipótese de resolução do contrato de compra e venda de bem imóvel com cláusula de alienação fiduciária em garantia.",1095
"Inclusão do montante correspondente ao Imposto Sobre Circulação de Mercadorias e Serviços (ICMS) destacado nas notas fiscais ou recolhido antecipadamente pelo substituto em regime de substituição tributária progressiva na base de cálculo da contribuição ao Programa de Integração Social (PIS) e da Contribuição para Financiamento da Seguridade Social (COFINS) devidas pelo substituído tributário.",1098
"Definir se, nos termos do inciso IV do art. 117 do Código Penal, o acórdão condenatório sempre interrompe a prescrição, inclusive quando confirmatório da sentença de primeiro grau, seja mantendo, reduzindo ou aumentando a pena anteriormente imposta.",1100
"Definição individualizada da natureza jurídica de verbas percebidas pelo empregado, bem como de sua respectiva habitualidade, para fins de incidência da contribuição previdenciária a cargo do empregador sobre a folha de salários e demais rendimentos conforme o art. 22, I, da Lei nº 8.212/1991.",1100
"Recurso extraordinário em que se discute, à luz dos artigos 2º; 5º, caput; 97; 195, §§ 4º e 5º; e 201 da Constituição Federal, bem como do art. 26 da Emenda Constitucional nº 103/19, se é possível a aplicação da regra definitiva do artigo 29, incisos I e II, da Lei nº 8.213/91, na apuração do salário de benefício, quando mais favorável ao segurado do que a regra de transição contida no artigo 3º da Lei nº 9.876/99, aos segurados que ingressaram no sistema antes de 26/11/99, data da publicação da Lei nº 9.876/99.",1102
"Definir a possibilidade de imposição de tutela inibitória, bem como de responsabilização civil por danos materiais e morais coletivos causados pelo tráfego com excesso de peso em rodovias.",1104
"Definição acerca da incidência, ou não, da Súmula 111/STJ, ou mesmo quanto à necessidade de seu cancelamento, após a vigência do CPC/2015 (art. 85), no que tange à fixação de honorários advocatícios nas ações previdenciárias.",1105
"Definição acerca da ocorrência, ou não, de renúncia tácita da prescrição, como prevista no art. 191 do Código Civil, quando a Administração Pública, no caso concreto, reconhece o direito pleiteado pelo interessado.",1109
"Definir se o tamanho da propriedade não descaracteriza, por si só, o regime de economia familiar, caso estejam comprovados os demais requisitos para a concessão da aposentadoria por idade rural.",1115
"(In)exigibilidade da cobrança da Taxa de Saúde Suplementar - TSS, instituída nos termos do art. 20, I, da Lei 9.961/2000.",1123
"Definir o termo inicial dos efeitos financeiros dos benefícios previdenciários concedidos ou revisados judicialmente, por meio de prova não submetida ao crivo administrativo do INSS: se a contar da data do requerimento administrativo ou da citação da autarquia previdenciária.",1124
"Possibilidade de exclusão do valor correspondente ao ICMS-ST da base de cálculo da Contribuição ao PIS e da COFINS devidas pelo contribuinte substituído.",1125
"i) interstício a ser observado na progressão funcional de servidores da carreira do Seguro Social: 12 (doze) ou 18 (dezoito) meses; ii) legalidade da progressão funcional com efeitos financeiros em data distinta daquela de entrada do servidor na carreira (início do exercício funcional); iii) exigibilidade de eventuais diferenças existentes em favor dos servidores quanto ao período de exercício da função até 01/01/2017, considerada a redação do art. 39 da Lei n.º 13.324/2016.",1129
"Definir se a eficácia do título judicial de ação coletiva promovida por sindicato de âmbito estadual está restrita aos integrantes da respectiva categoria profissional (filiados ou não) lotados ou em exercício na base territorial da entidade sindical autora.",1130
"Definir se, com esteio no art. 139, IV, do CPC/15, é possível, ou não, o magistrado, observando-se a devida fundamentação, o contraditório e a proporcionalidade da medida, adotar, de modo subsidiário, meios executivos atípicos.",1137
"Definir, para efeito de adequação dos benefícios concedidos antes da Constituição Federal aos tetos das Emendas Constitucionais ns. 20/1998 e 41/2003, a forma de cálculo da renda mensal do benefício em face da aplicação, ou não, dos limitadores vigentes à época de sua concessão(menor e maior valor-teto).",1140
"Definir se é prescritível a pretensão de expedição de novo precatório ou RPV, após o cancelamento da requisição anterior, de que tratam os arts. 2º e 3º da Lei 13.463, de 06/07/2017.",1141
"I - definir se a hipótese de inexigibilidade de cobrança prevista na parte final do art. 47, § 1º, da Lei n. 9.636/98 abrange ou não os créditos da União relativos a receitas esporádicas, notadamente aquelas referentes ao laudêmio; II - aferir se a inexistência de registro imobiliário da transação (contratos de gaveta) impede a caracterização do fato gerador do laudêmio e, por conseguinte, obsta a fluência do prazo decadencial de seu lançamento.",1142
"Definir: 1) qual o prazo prescricional aplicável em caso de demanda que envolva pedido de ressarcimento ao Sistema Único de Saúde na hipótese do art. 32 da Lei n.º 9.656/98: se é aplicável o prazo quinquenal previsto no art. 1º do Decreto n.º 20.910/32, ou o prazo trienal prescrito no art. 206, §3º do Código Civil; 2) qual o termo inicial da contagem do prazo prescricional: se começa a correr com a internação do paciente, com a alta do hospital, ou a partir da notificação da decisão do processo administrativo que apura os valores a serem ressarcidos.",1147
"- O Banco do Brasil possui, ou não, legitimidade passiva ad causam para figurar no polo passivo de demanda na qual se discute eventual falha na prestação do serviço quanto a conta vinculada ao PASEP, saques indevidos e desfalques, além da ausência de aplicação dos rendimentos estabelecidas pelo Conselho Diretor do referido programa.
- A pretensão ao ressarcimento dos danos havidos em razão dos desfalques em conta individual vinculada ao PASEP se submete ao prazo prescricional decenal previsto pelo artigo 205 do Código Civil ou ao prazo quinquenal estipulado pelo artigo 1° do Decreto n° 20.910/32.
- O termo inicial para a contagem do prazo prescricional é o dia em que o titular toma ciência dos desfalques ou a data do último depósito efetuado na conta individual vinculada ao PASEP.",1150
"Definir a possibilidade - ou não - de cancelamento na via administrativa, após regular realização de perícia médica, dos benefícios previdenciários por incapacidade, concedidos judicialmente e após o trânsito em julgado, independentemente de propositura de ação revisional.",1157
"A possibilidade de incidência do Imposto de Renda retido na fonte e da Contribuição Social sobre o Lucro Líquido sobre o total dos rendimentos e ganhos líquidos de operações financeiras, ainda que se trate de variações patrimoniais decorrentes de diferença de correção monetária.",1160
"Definir se é possível flexibilizar o critério econômico para deferimento do benefício de auxílio- reclusão, ainda que o salário-de-contribuição do segurado supere o valor legalmente fixado como critério de baixa renda.",1162
"Definir se incide contribuição previdenciária patronal sobre o auxílio-alimentação pago em pecúnia.",1164
"Definir se a liquidação prévia do julgado é requisito indispensável para o ajuizamento de ação objetivando o cumprimento de sentença condenatória genérica proferida em demanda coletiva, de modo que sua ausência acarreta a extinção da ação executiva, ou se o exame quanto ao prosseguimento da ação executiva deve ser feito pelo Magistrado com base no cotejo dos elementos concretos trazidos aos autos.",1169
"Definir se é cabível a incidência de contribuição previdenciária sobre os valores pagos a empregado a título de décimo terceiro salário proporcional referente ao aviso prévio indenizado.",1170
"Possibilidade de excluir os valores relativos à contribuição previdenciária do empregado e trabalhador avulso e ao imposto de renda de pessoa física, retidos na fonte pelo empregador, da base de cálculo da contribuição previdenciária patronal e das contribuições destinadas a terceiros e ao SAT/RAT.",1174
"Definir se são eficazes os pagamentos de FGTS, realizados na vigência da redação do art. 18 da Lei 8.036/1990 dada pela Lei 9.491/1997, diretamente ao empregado, em decorrência de acordo celebrado na Justiça do Trabalho, ao invés de efetivados por meio de depósitos nas contas vinculados do titular.",1176
"Definir a legalidade de o Magistrado, no juízo de cognição acerca do direito à gratuidade de justiça, estabelecer critério objetivo para aferir a hipossuficiência e, apenas com base nele, decidir sobre a concessão do benefício.

Caso seja legal a utilização de critérios objetivos no exame da hipossuficiência, qual seria o parâmetro idôneo a ser utilizado.",1178
"Definir se é possível excluir os benefícios fiscais relacionados ao ICMS, - tais como redução de base de cálculo, redução de alíquota, isenção, imunidade, diferimento, entre outros - da base de cálculo do IRPJ e da CSLL (extensão do entendimento firmado no ERESP 1.517.492/PR que excluiu o crédito presumido de ICMS das bases de cálculo do IRPJ e da CSLL).",1182
"""i) Definir se a regra prevista no § 13 do art. 9º da Lei n. 12.546/2011 é dirigida apenas aos contribuintes ou se também vincula a Administração Tributária"" e ""ii) Definir se a revogação da escolha de tributação da contribuição previdenciária pelo sistema da Contribuição Previdenciária sobre Receita Bruta (CPRB) trazida pela Lei n. 13.670/2018 feriu direito do contribuinte ante o caráter irretratável previsto no § 13 do art. 9º da Lei n. 12.546/2011.""",1184
"Exclusão dos valores relativos ao PIS e à COFINS da base de cálculo da Contribuição Previdenciária sobre a Receita Bruta (CPRB).",1186
"Possibilidade de fixação de honorários advocatícios sucumbenciais em cumprimento de sentença contra a Fazenda Pública, independentemente de existência de impugnação à pretensão executória, quando o crédito estiver sujeito ao regime da Requisição de Pequeno Valor - RPV.",1190
"Aplicabilidade das alterações promovidas pela Lei 14.195/2021, no art. 8º da Lei 12.514/2011, às execuções fiscais propostas por conselhos profissionais, antes de sua entrada em vigor.",1193
"Vedação à compensação de débitos relativos ao recolhimento mensal por estimativa do Imposto sobre a Renda das Pessoas Jurídicas - IRPJ e da Contribuição Social sobre o Lucro Líquido - CSLL, em razão do artigo 74, § 3º, IX, da Lei 9.430/1996, acrescido pelo artigo 6º da Lei 13.670/2018.",1197
"Definição de eventual (IR)RETROATIVIDADE das disposições da Lei 14.230/2021, em especial, em relação: (I) A necessidade da presença do elemento subjetivo - dolo - para a configuração do ato de improbidade administrativa, inclusive no artigo 10 da LIA; e (II) A aplicação dos novos prazos de prescrição geral e intercorrente.",1199
"Reconhecimento da atividade de vigilante como especial, com fundamento na exposição ao perigo, seja em período anterior ou posterior à promulgação da Emenda Constitucional 103/2019.",1209
"Reajuste de proventos e pensões concedidos a servidores públicos federais e seus dependentes não beneficiados pela garantia de paridade de revisão, pelo mesmo índice de reajuste do regime geral de previdência social (RGPS), previsto em normativo do Ministério da Previdência Social, no período anterior à Lei 11.784/2008.",1224
"Constitucionalidade do artigo 11, § 1º, incisos V a VIII, da Emenda Constitucional 103/2019, ante a previsão de alíquotas progressivas às contribuições previdenciárias dos servidores públicos federais.",1226
